"","building","freq"
"1","attraction",39
"2","bicycle parking",6
"3","bicycle repair station",58
"4","bus station",105
"5","cathedral",4
"6","chapel",17
"7","church",145
"8","Church",1
"9","clinic",123
"10","community centre",122
"11","ferry terminal",19
"12","fire station",4
"13","food court",52
"14","fountain",119
"15","government",12
"16","grocery",1
"17","higher education",103
"18","hospital",296
"19","library",53
"20","mall",10
"21","marketplace",191
"22","medical other",12
"23","mosque",68
"24","music school",1
"25","pharmacy",213
"26","picnic site",4
"27","place of worship",1275
"28","post office",61
"29","primary/secondary",1496
"30","religion",22
"31","shopping centre",1
"32","social centre",4
"33","social facility",15
"34","supermarket",100
"35","temple",10
"36","townhall",39
"37","train station",2
"38","transportation",5
"39","zoo",4
