"","keyword","freq"
"1","place of worship",1275
"2","pharmacy",213
"3","marketplace",191
"4","church",145
"5","community centre",122
"6","fountain",119
"7","bus station",105
"8","supermarket",100
"9","mosque",68
"10","post office",61
"11","bicycle repair station",58
"12","library",53
"13","food court",52
"14","attraction",39
"15","townhall",39
"16","religion",22
"17","ferry terminal",19
"18","chapel",17
"19","social facility",15
"20","government",12
"21","mall",10
"22","temple",10
"23","bicycle parking",6
"24","transportation",5
"25","cathedral",4
"26","fire station",4
"27","picnic site",4
"28","social centre",4
"29","train station",2
"30","Church",1
"31","grocery",1
"32","shopping centre",1
